UserID,EmployerNumber,CreationDate,Username,Password,Level
1,8186958215,7/16/2020,aborborough0,DhIN4arigaC,III
2,8155438627,12/23/2005,corys1,Vdlo73,IV
3,6872706341,10/10/2005,mbarkaway2,YYqHp1e7xwXk,Sr
4,1338130269,10/11/2019,strodd3,Nqx937xPP9Dm,III
5,3510669339,12/25/2020,cwhaplington4,387ph8FTqTee,IV
6,6251779616,6/22/2009,sguirardin5,4lL7QtVqiX,Jr
7,5277930493,2/6/2022,agoundry6,lWIlsEGEa,Jr
8,9815929046,3/24/2009,bgallear7,cxydwd0,Sr
9,3361335027,4/5/2015,ahaith8,QposzgPjk9B,II
10,4200674548,7/26/2017,hloudon9,xs2etxt7gyM,Sr
11,8541484041,7/20/2019,tmertgena,Zn3ZGZ5T5xT,II
12,9072291689,12/6/2002,saisthorpeb,DuE0SLzrTouA,Sr
13,4251119487,5/14/2022,egiacaponic,yTo0Ytf5y7,III
14,8115832553,6/29/2007,gtumininid,GBxR2axgUGe7,II
15,6100129647,3/7/2010,ttalkse,NkNlsZEf,IV
16,7160949056,12/10/2001,mlunaf,ruk4a49ekd,III
17,4697147871,4/23/2010,wyanceyg,dZzu20,II
18,9235351669,1/7/2011,srozeth,J2fRleJ,III
19,6602535048,4/7/2022,lduseyi,7SN2aLT8u0O,III
20,5131628830,7/3/2002,abrosij,3r2SjVRLqIz,IV
21,7520721191,9/16/2018,rdellowk,OqBWru,Jr
22,7581775348,8/26/2012,bsiredl,mypx0v1O,Jr
23,8174914722,2/9/2004,fbrouardm,CndF0uwJ3oVP,Jr
24,6248729255,7/9/2001,lbellfieldn,2B05Ht,II
25,6051395067,4/12/2022,cwillsono,cp9l5jpyUX,III
26,4731108829,2/2/2003,lcaretp,KOEjebxOZIGy,III
27,1931417407,7/27/2003,mgiorgiuttiq,A81n9w,Sr
28,5298846025,8/24/2005,ystrowlgerr,GuvNMwLJfxhX,II
29,799581313,9/6/2004,wstiggless,pbjKe0r8DmyT,Sr
30,1416457437,5/9/2007,ebertelett,ddzoS4OqP,Jr
31,4904834925,1/26/2021,mmeasomu,td6dzjYRT3,Jr
32,1457871009,2/22/2004,pdowthwaitev,CJ6tcxikj7,IV
33,7071692661,8/23/2004,kristw,YJzuLKmSpH,III
34,6876014312,2/11/2002,cwinsburyx,qxBpMSvW,IV
35,5592396600,3/26/2002,sroady,Jo6Cthd6,IV
36,4888226954,4/14/2010,lpenniellz,bKaCriS9gkY,IV
37,1226328679,7/27/2017,fbeckworth10,CvxujzKotI,II
38,9499577920,5/27/2014,kdaniele11,ILBXvoCrn,Sr
39,8649048552,6/5/2011,gstuchberry12,kBB8GU,Sr
40,3941624121,12/6/2011,hgoolding13,XuGGoNbyGe,II
41,8885327117,4/5/2004,swalling14,5c7hOpOBwXTN,II
42,3244380123,6/29/2013,hsanti15,mOfkJF,IV
43,4611582612,11/6/2012,ugirard16,ZxVkYAnAaMYv,IV
44,7085456108,3/26/2022,fsutty17,cfFehVMWGZE,Sr
45,3360096940,8/19/2015,nlettington18,QZdju4hPgy,II
46,4984977000,4/28/2005,vcarlsson19,3maNU1,Jr
47,1595811737,8/29/2009,mkettley1a,6C37uE,III
48,3043350774,3/13/2019,sgeraghty1b,XBlZhJabC9,II
49,1850297835,11/21/2019,dfawlo1c,gXmte2jRbm6,II
50,4254449046,10/10/2020,sbeckson1d,V5vYozEU,Jr
51,9407158403,4/18/2005,acashley1e,cxP4gjoCuZ7d,III
52,6222995608,5/13/2004,soverill1f,171PWz6VdU,III
53,4970466491,4/10/2003,agegay1g,OpPClyD,Sr
54,4751556770,7/14/2004,rlynd1h,kDqPakj8EP16,II
55,3463613417,9/12/2011,aelcocks1i,JpepA9Jh,Jr
56,4818559784,6/27/2010,aofearguise1j,iOnpVxcx4Mj,Sr
57,8860394139,9/22/2010,ulicciardo1k,Kj5ajX6ZM9,II
58,9156446055,1/27/2008,vfarrants1l,BUipQMT3mR,Jr
59,7433936327,7/16/2011,fshirland1m,NJSOIP,II
60,474794997,4/15/2011,fmasding1n,rifNIK,II
61,1306527724,7/3/2021,wschoolcroft1o,wn1cWim,II
62,5713003949,1/8/2011,cscroggie1p,DKV0O7tZ,IV
63,504141295,1/4/2002,ebocken1q,iNtXdHQa2Gp6,III
64,5210771180,2/24/2002,dgilluley1r,ONCfpv,II
65,9031957542,6/27/2000,gstilly1s,h4eS26llxzWX,Sr
66,5154107691,9/14/2019,ahonisch1t,O2J1auzhsRa,IV
67,6325944372,6/14/2017,catyeo1u,PZqj5ia6KV7m,Sr
68,2605403653,10/24/2009,rohear1v,4wRGM6fAKPof,II
69,7315111247,12/24/2002,vcrasswell1w,hNd9AC,IV
70,5122060576,11/25/2006,bellesworthe1x,hbPSE6,III
71,1087443695,11/2/2001,pshew1y,w9EmuTNmjU0,III
72,2758679930,10/18/2008,gharbisher1z,271Rdcg,II
73,7572821502,3/31/2004,gpareman20,sBhKNEU1wd8,II
74,4844628259,9/29/2008,gglaysher21,OsEuGD,Sr
75,7981991080,4/14/2003,dbainbridge22,Il0pTleWY,Sr
76,5579440081,9/27/2020,btriner23,3yg0Km,Sr
77,4657073907,12/20/2009,hgolton24,iYw4TpmX,IV
78,8021070900,6/29/2007,adingwall25,jGr4H7,III
79,2788969740,2/4/2014,wflescher26,8mxATzMsYO9,III
80,1370460899,1/29/2011,bdepaoli27,6kdDwAX0At,III
81,3622514396,5/11/2009,szuan28,LJqMtt4,Sr
82,2277807176,7/6/2016,ajewess29,qJ4qlkX,II
83,3542415162,9/21/2002,fpennock2a,2KjGyO9U7o,II
84,6880571107,6/9/2003,skayser2b,iPmFzLc,Sr
85,1715449592,7/14/2011,khammer2c,C0JxOZ6bJYC,IV
86,492985812,12/28/2000,nalves2d,TeN4kNGlDSE,Jr
87,9719075163,5/10/2010,rnapton2e,ygdF5aJ,III
88,1491123990,1/3/2021,bfitchew2f,23QIZR,II
89,9909474603,7/12/2020,dsawbridge2g,0UAhVHZXZU,III
90,2930879777,12/27/2009,lkohn2h,3FNwpt9k1t6,Sr
91,1566208432,1/17/2001,fscowcroft2i,vpVXqAn,II
92,2882886284,7/30/2003,binfantino2j,WiTvrVLkjDi,Sr
93,7524156448,9/20/2011,bvondra2k,FzzYGfzE8G,III
94,1539221431,3/18/2007,skatzmann2l,bOV4lvLw,Sr
95,4312333645,11/3/2003,cleng2m,UiOZ1oAp7Yaw,III
96,4767375673,12/20/2013,jord2n,swOTm2nW4,Sr
97,9283643224,9/5/2020,epairpoint2o,QbNwAcaL5AQN,IV
98,5191289757,9/22/2005,sdudson2p,MAVIhvwuAl,Sr
99,3825091740,1/24/2018,jcondon2q,FPojqY2Jl,Jr
100,9002029691,8/2/2012,rjennrich2r,SbO6hS8x,III
101,6895593098,11/20/2020,acrocombe2s,3u3MeA,IV
102,9933932403,12/6/2009,kcisar2t,fRu3DLSXbn,Jr
103,3161991354,3/24/2009,aherreran2u,fTYZkzcpHz,IV
104,9939900317,5/24/2019,lrilings2v,TPw5QI5u,II
105,7926880957,11/10/2001,cfavela2w,cHaQNgMwvDX,II
106,730324362,9/18/2017,jglackin2x,7sXrYzAy2,III
107,4880481742,10/6/2018,agarces2y,yp3Cx5ghSluD,III
108,9137367234,12/31/2011,ssomerscales2z,mRAUcKNKZd,IV
109,9728253788,7/31/2017,kpeplow30,LYYCmNcwr9J,Jr
110,62293966,2/18/2020,emoakson31,OR9uM9N,IV
111,1622098226,4/18/2001,ahilary32,0mF7EW,Sr
112,9913279518,2/13/2012,ncars33,YErzPHeIi,IV
113,5754799217,8/4/2010,mvanleijs34,e1ome7fgX,III
114,8986914328,9/20/2010,lmompesson35,SuWReruO,II
115,6090778311,3/10/2006,ghowat36,ntDkUdY8UKks,Sr
116,2758413337,3/10/2008,laloway37,0jmsUqlKkH7n,Jr
117,6629861442,4/7/2012,ccarloni38,tvg4Ovu,IV
118,4910645543,7/21/2001,cpaulton39,rd0cU2U9hDJ,III
119,8795459901,5/16/2013,jfolbige3a,1su2HLKs,Jr
120,5851628693,12/4/2010,bdyball3b,J68Lq9W2i,Jr
121,850105633,1/12/2003,mdocket3c,3HZBNnf,Sr
122,6154938845,8/26/2011,twildor3d,H8JO9JqzjhL,III
123,9620737091,2/9/2015,bledrane3e,pDXqGw5rEy,III
124,5975866618,12/30/2015,sshelton3f,GFcRmZ,Jr
125,4879736511,5/21/2020,estempe3g,zVcbf8WNBM,III
126,4916061403,4/10/2016,ikitter3h,4FCoKu,IV
127,7672639528,11/21/2000,vjoicey3i,o4VTlN0bwf,Jr
128,3682429042,1/8/2005,lmanton3j,POQJaV9Gc9NS,III
129,7156234692,12/2/2005,tbasson3k,sjHokR,Jr
130,4358580394,5/28/2003,cpadberry3l,2jJfdxolTYVw,Jr
131,3650037076,2/25/2016,abetjes3m,mGvv5Zqjrnw,III
132,3876631327,10/19/2011,apoley3n,ElmwNvMxDw,III
133,7495865105,3/14/2002,esabati3o,odsbO8KC60,Jr
134,5269064820,7/9/2012,bromanelli3p,HQ6PWmPkqU,Sr
135,579048608,3/1/2015,rcrowe3q,KT9VRfdqY,IV
136,4907191529,5/19/2020,dlandsbury3r,myYdJKn0JX2,IV
137,556753828,1/20/2019,zduell3s,x7YyMiDST,Jr
138,9026378335,6/6/2020,lschukraft3t,ybpGWu2u,III
139,1239405715,10/29/2010,jasch3u,iSq6wJzGIS,Sr
140,180847422,11/28/2016,nwoolliams3v,XV3fkhrF,Sr
141,7006223032,4/4/2017,mgoodey3w,9tAebsS9Fm,II
142,4906587607,4/10/2005,gmaffetti3x,QQhmTmFSg,Jr
143,6810467203,4/29/2007,jhaestier3y,EPHexKYEE,IV
144,9089047875,4/5/2018,jhodinton3z,effrqDYR6Go,IV
145,1997871025,6/15/2022,lbentz40,HUeoLJce,Sr
146,2631590961,11/19/2003,abach41,SL3tfmcXeW0,Sr
147,5892628833,4/21/2012,cdurling42,50Qd8eJ,III
148,6606960142,3/21/2004,strue43,FudJ2BVbkmm,III
149,8748621048,12/31/2010,khaster44,cXFXvJUqHE,Jr
150,638010799,1/21/2011,fdinis45,YlwQ8yzQZ30,III
151,6775371063,12/21/2015,hbootland46,DQjxiIyaKS89,III
152,6070358767,6/25/2009,mwormstone47,UVY87pn,III
153,1184208476,4/1/2010,csullivan48,BcBeDfh5y,Jr
154,6951955255,8/2/2002,dsibbs49,SYcVAJ,IV
155,601496280,10/16/2020,malbinson4a,7vx4roY,Jr
156,5096578623,10/26/2004,abowring4b,eKeE6PvVEn,IV
157,8003889944,3/27/2011,idufton4c,ULAdzg2U4gb0,IV
158,8451671586,3/23/2013,egladdin4d,10uMm0LC,IV
159,2722699907,7/6/2017,clittlecote4e,rr5Xr1kvtq,III
160,6350930134,7/29/2008,cclynmans4f,O6UHAasxKz,III
161,8372382328,3/16/2020,pgarrould4g,0myNfDs,III
162,2294166396,10/19/2002,psquirrell4h,1GCkD7AC,Jr
163,8126810505,5/18/2016,mbarrass4i,4I84zrd,Sr
164,322599504,11/4/2006,jmansion4j,RndQ12T,Jr
165,3041276712,2/4/2012,jveregan4k,Lsz7kFRPyU,Jr
166,5773361884,2/14/2021,sleedal4l,o1HfxyZnJ9z,III
167,9535447874,8/11/2003,jbarfitt4m,6SwrneJ,II
168,7850331478,11/3/2008,lbarrar4n,zfRazpbg8,Sr
169,3938306173,7/2/2017,rwhilde4o,G0CT6qNHRR,Sr
170,4970377049,1/11/2022,cmcveigh4p,IaRVkw,Jr
171,3681265518,4/22/2022,egillie4q,pwOL5wSwCD,III
172,6936244971,12/21/2011,kporrett4r,6ydxR9U,II
173,2905343125,1/14/2010,cfoakes4s,jJJQ14KdU,IV
174,3182702327,1/14/2003,cgodin4t,nLt0ewYt,II
175,3749028966,5/9/2017,showsan4u,9Zmews7zb1,III
176,4923543345,1/2/2016,gleedes4v,Y5qK6O9nQ,II
177,8874152388,7/29/2000,gmacnab4w,jCtcYMxeJq,Jr
178,4794886187,3/3/2001,ngoodbur4x,dI4rbgnPf,IV
179,7211520051,7/11/2002,rmonketon4y,euLfjhe0,III
180,5295802108,11/21/2004,dtuckie4z,YjbzZ4VLy7U,II
181,9593224661,12/16/2016,norviss50,jnHRjE,Sr
182,9276770496,8/15/2021,tbeynke51,hWNnQl2qm,Jr
183,8744582137,12/16/2017,bgerring52,utDYxvIr,Sr
184,7631962103,2/16/2002,eclayson53,AuEKzVC4X8,Sr
185,6606859077,5/2/2007,haloshechkin54,AVlREW,III
186,7508755456,2/22/2004,kmillichip55,2zNTsq0c7R,Jr
187,9009435881,3/22/2007,fhunter56,SD3dq6QTFS,IV
188,2202491740,10/25/2015,hangrove57,9h8swQ,Sr
189,2350648648,4/18/2018,lstrainge58,LNT5FwAt,III
190,3832887830,9/1/2017,dsteffans59,pt3F6B1ca5Q,III
191,5833493471,1/15/2011,ljewis5a,c6FE4gxh,II
192,2983029409,8/22/2019,amariolle5b,SElgeGYq,III
193,4801827926,10/24/2014,flarway5c,xe7qn1NIF,II
194,1702064689,7/31/2005,hkornousek5d,zZp9GRXQ,III
195,8606137731,6/7/2019,tfayne5e,iG08S8BG5QNZ,Jr
196,1429750189,5/28/2003,bneilus5f,Z9qf5dJ,Sr
197,7236684821,5/15/2013,scay5g,hIWFa1Fq,II
198,8549887986,6/27/2008,afanthom5h,fr4mmKm,IV
199,9881101344,8/26/2001,bshearsby5i,ruVu7ClL1d5c,IV
200,8424338839,5/13/2011,bpilipets5j,aMy8GWc2,III
201,581596668,5/5/2019,jpennetta5k,M5sLQF6,III
202,5578242561,8/10/2007,mdavey5l,v4ltr5BZnuq,III
203,6387151414,7/30/2000,wmenelaws5m,ahxtesf17MZj,III
204,5774770389,7/10/2022,sologhlen5n,jipO63XkiAcL,II
205,7212717835,1/30/2019,bhellard5o,Y08T9F,Jr
206,8435043797,5/4/2016,memanuelli5p,d92JxN,IV
207,8601603688,12/9/2007,hmaccoll5q,agSfliW,Sr
208,680442936,1/19/2005,apencost5r,eF0JoN,Jr
209,6552197357,11/16/2014,rbarwise5s,9GcWquP,Sr
210,1508521484,8/28/2018,mpyke5t,xXi05dW,Sr
211,6211255950,5/21/2020,hheibl5u,X83bpLFasG,Sr
212,8930825702,10/1/2018,wcurrier5v,z9VBSM,Sr
213,5116443663,2/14/2007,britelli5w,dctXWCyMr,IV
214,440769264,5/27/2014,ifont5x,C46FlPdC,III
215,1396425802,12/18/2003,koscannill5y,SS0Q19shsh,II
216,4952437914,5/4/2002,sudy5z,HNF1CyQKz,Jr
217,40285960,7/23/2007,glamberts60,SFE5y0qy,IV
218,7528773700,2/26/2010,dhawtrey61,t6BHHY8hqYm,Sr
219,6107029990,9/3/2019,lspini62,0N0fWKFbcDK,II
220,3612307258,12/22/2000,vfassan63,3bzw5SOAc,II
221,792174925,2/16/2007,sfateley64,PINRqm,Jr
222,9681065042,11/12/2020,kcurle65,dVdHk1DdnZBO,II
223,4268415661,8/6/2017,ggillhespy66,a0UvZo,II
224,5582056432,11/23/2011,lseedull67,XtbEa8ym7,Jr
225,9714733251,1/14/2002,khowse68,ZTYOVMSsB,Jr
226,8672155068,1/14/2015,mplaster69,964Mwj7Utb,Sr
227,8770470553,12/18/2004,ttouzey6a,AyMhejb5Bj,II
228,7359926254,12/28/2013,whitzke6b,iCt6khSi,Jr
229,3646486082,5/22/2019,tmackellar6c,mj1pfSL,Jr
230,2342987080,2/8/2014,amcenery6d,OhCd3W,Sr
231,5724240696,5/12/2002,badamec6e,v84DCu1,III
232,6602710435,1/8/2006,gsegoe6f,IzKIXQsP5s,II
233,4351611006,11/26/2003,mevetts6g,kVFxZq0N4ZZ,IV
234,9161218332,2/21/2005,elydden6h,tn81j2,Sr
235,1920260870,8/29/2007,ashakle6i,ToDLtp,II
236,7683948497,5/11/2020,amourant6j,9RXLvZFZT5,Jr
237,6390032625,9/20/2007,rvivash6k,ux5UImBM,IV
238,807826561,1/9/2010,sgartshore6l,CHL4ljSW5,III
239,1940879000,5/10/2017,nbelward6m,9s4nElzt,II
240,5883598595,3/9/2001,lmitchiner6n,QwoxTZ,II
241,7912414827,10/13/2001,scaghan6o,uulupkqZ30W,III
242,1302695746,2/12/2013,mtwinberrow6p,lIH5sR,IV
243,8423411230,8/13/2012,kmedway6q,BK6XF3,III
244,8075689909,3/11/2020,jfowle6r,CWJhMgjz,IV
245,8789307984,3/22/2020,lhoffmann6s,fNkUoI5,II
246,9568463399,9/9/2011,hmaxstead6t,RVpmcQQngd71,IV
247,1958882801,11/8/2005,jwestern6u,2lBmtf6Vj0b1,IV
248,5627487852,1/3/2009,plabusch6v,Inqkn6N8ek5s,III
249,8001075478,11/19/2014,mbagworth6w,4SaTS6USIg,Jr
250,8440938756,6/26/2002,sstilwell6x,y5f5kj5pJAU,Jr
251,8169826403,6/19/2022,msaxelby6y,cgzSuqK,Sr
252,7273417998,6/27/2021,ccaslett6z,x0ot3V,II
253,1323918620,1/22/2005,kwinson70,MKALfP,IV
254,840306318,9/16/2009,lwoodland71,MDdMipJ1T5Y,IV
255,3894617535,8/12/2012,tcallar72,SP6DMP7I,Jr
256,5284667956,5/16/2021,fpepi73,b7OyDr,Sr
257,1595504214,4/15/2018,cplayer74,hG2cIk5,IV
258,9572477927,12/11/2017,ecossington75,vNTI5s,III
259,1611156874,1/19/2020,jochterlonie76,gqSuvY1aY,II
260,4794451458,9/9/2020,rdwelley77,A58UkpWNyB5,Jr
261,1819368696,8/9/2014,mgreson78,8TXdcnl8,III
262,9479616459,1/9/2019,kguislin79,Wnp1nQk1nMsM,III
263,511989385,9/16/2002,lajean7a,gi4jnTSqLqS,Sr
264,2025713126,1/10/2001,dgascoyen7b,wrnbIKuOxZ,II
265,7773451400,12/3/2012,tpaolino7c,OdhlOryr,III
266,3997460205,5/10/2008,bnorsister7d,5QysRn5,Sr
267,168945851,5/20/2005,amonahan7e,B0vzMnQsdmoU,Jr
268,7841183526,3/19/2021,vmeaker7f,f038DcKWtKD,III
269,916458490,5/19/2002,fubanks7g,E4e2InDFi,III
270,8582504578,6/23/2003,ttewkesberry7h,u0fHKrgtBSA,Sr
271,787226165,9/13/2005,tdummer7i,DUSusbqedDf,II
272,152948414,5/9/2008,bstedall7j,ZWC9di6tUCD,III
273,6667452325,6/2/2006,avankin7k,TAY7tRmdq,IV
274,9326925552,8/27/2019,mshenton7l,PFj3xfe2W4i,Jr
275,8175164867,2/7/2017,klongland7m,tcbVbpVR8Y,Jr
276,6722244210,10/22/2006,nhalwill7n,CBFTkO,II
277,6453415429,12/1/2015,fcorringham7o,WJeorrzJ,III
278,5217243791,6/2/2011,nmacinerney7p,NC1CD1vtFyOD,III
279,5880267024,11/23/2005,ejolliss7q,IfiCIsSh031,Jr
280,6586185130,3/9/2011,fhamsley7r,kyl8fD3HDK,II
281,819055425,11/21/2019,jfurmston7s,fjEMELHowZWR,Sr
282,391841122,4/14/2016,ebotterman7t,AJ7vYe,IV
283,9998075750,6/6/2009,etimcke7u,5o7ByKxHJ4T,Jr
284,8582048661,2/19/2006,mniccolls7v,SLscGuezeTo,III
285,4658840081,1/25/2003,gbuckles7w,MOELFWJ3,II
286,4175157441,9/9/2011,bdeclairmont7x,D9xVjmRKTn,II
287,6653814440,8/6/2004,skeeves7y,Wdy1Y8zFr,Sr
288,4266566913,4/3/2010,mglassup7z,696wZPRcSxT,III
289,3634400692,6/6/2007,jmitham80,aDuzASX,IV
290,2138441903,5/7/2014,cjakolevitch81,lLxEPgkau,II
291,4281069895,10/1/2000,fbrend82,RM6wX7,II
292,7472626600,7/27/2019,plethbrig83,HFPnek,II
293,6153922902,10/4/2017,hagius84,l4amOJFc,IV
294,9416177369,4/9/2020,cslarke85,AFLdsfc,Sr
295,3499179539,7/12/2019,vauchinleck86,8zeEVMXE8HCO,IV
296,3544173042,7/14/2013,rhatton87,z3QEfPCmyyN,Jr
297,9277776617,5/30/2018,iwhewill88,V9Y3C6,IV
298,1298654408,6/8/2021,hstroban89,h2mTasml,IV
299,1071921827,1/11/2013,tarnli8a,w8vUsMvpqBMH,Jr
300,8733198985,1/4/2000,jbradnocke8b,E11wKz,IV
301,421060050,3/13/2008,dbulteel8c,J8K5aFXbbq2,III
302,3551422966,12/16/2010,tsabate8d,vBoZWCXaoXqE,III
303,1027176801,8/1/2002,rimesen8e,PDtIl52,III
304,8641497706,11/2/2021,rchastand8f,oh9CtEw,Sr
305,835844153,1/6/2020,bfasham8g,MpmLVnS,IV
306,9997715047,6/5/2020,ncocksedge8h,LUV1lh3udV,Jr
307,7265790316,9/25/2013,ghartopp8i,AS1XVrkxm119,Sr
308,9128418646,10/9/2000,bmuckersie8j,617eSfItCyw,II
309,8837744498,5/16/2019,bzealander8k,DPaN9JcCwl,III
310,5046947285,3/24/2009,mkertess8l,ddfaBNd2F,III
311,5178934113,2/24/2014,sizkovitz8m,o8oI2r,Sr
312,2602200646,12/10/2000,emabbe8n,xFAiPV,II
313,1514089912,6/29/2012,bloosely8o,KwqJM333Vbp1,III
314,1501105035,7/16/2021,pcornes8p,FSvJSY04M,Sr
315,2657182410,2/8/2011,fbanyard8q,GRcJedAYi1s,II
316,8159353995,9/4/2009,slamke8r,CdxMlBZ,II
317,5329354994,1/21/2013,ecaughan8s,TYg3nOz2KqBL,Sr
318,822811537,9/24/2005,rhazelden8t,aJOgeG4,II
319,9165498305,5/11/2006,hkhoter8u,NFR6Jm,Jr
320,1239754272,2/10/2000,zsiggers8v,WF7RF0B7EOPg,Sr
321,6360282674,2/26/2018,amilroy8w,B9CWxHMujP9v,Jr
322,4426524733,1/27/2019,pkeaveney8x,jU4aGocVr,III
323,4285260476,10/22/2013,mgatty8y,gSB2Sb,III
324,1909574503,2/17/2008,twadley8z,DJX1Pkw,II
325,9914059503,3/17/2007,rtremellier90,1jbDHhKLa,II
326,1580814085,11/27/2012,dsexton91,plNdNJ,II
327,4276165385,2/25/2020,ccawthorn92,RMpBnXNPE5Mi,IV
328,4233439432,9/23/2009,cownsworth93,eRGagBnNTb,III
329,2529919186,2/16/2009,sgorcke94,BgbSyvUXnRj,III
330,8946029048,7/15/2005,lmarkson95,Ho4cvD,III
331,3589856068,8/13/2012,kmitchelmore96,FGYJhb,IV
332,4486583493,2/13/2010,aforan97,mRkkzMcZ,Jr
333,4338448148,5/1/2022,brichin98,E5zUBK,IV
334,9712868281,5/31/2005,cjoselevitch99,wJLJDM,III
335,26001632,6/2/2007,mknowlys9a,lfiO9dBBR,Sr
336,9840566946,9/12/2019,echazotte9b,JVS4IFmpqWg,IV
337,6687377523,1/28/2005,mbradmore9c,zm4s84dDNWt,Sr
338,926404482,8/17/2015,ccockran9d,yUjNe3zF,III
339,2079951831,10/12/2014,nlipson9e,I1Q3KirmL2GV,IV
340,4261215322,3/30/2000,jsandiford9f,2imVV4ai,III
341,449029387,3/8/2017,eapperley9g,LxDTwdQ6J,Sr
342,1224768817,12/29/2008,hbendixen9h,Yd5ybdBPklE,II
343,8877676027,6/6/2021,vmcgarel9i,jivoggqB4kZb,II
344,9837084642,7/7/2007,thourigan9j,XbXNGOLfV,Jr
345,5417858048,12/29/2010,fkamenar9k,Qv5lxbCZ2,IV
346,1817223518,11/28/2012,pshaw9l,ksVZej,III
347,3405447909,9/28/2010,cbalfour9m,WtRLgn3iN5BP,III
348,9303936183,7/21/2009,erosettini9n,peiE5V,IV
349,3089521644,11/16/2001,mpuckrin9o,hIs9Sf,Jr
350,4612079094,7/6/2003,sadamovicz9p,B7wIPrskvJ,II
351,3878070721,7/31/2015,fhairs9q,0v5eugc0T,IV
352,4057226850,7/12/2012,ischimonek9r,bQAKSI,Jr
353,7490840600,10/8/2004,ajohannesson9s,9M3E6OAy,II
354,8477475865,4/4/2022,afellgatt9t,qDmkio,II
355,2501038002,2/15/2001,fwaldrum9u,QS7zVt,II
356,4689503214,9/15/2011,akernoghan9v,wkRDu8,Jr
357,8739475921,9/6/2014,jwinchcum9w,lcwN56,II
358,3351743130,10/11/2003,rmcwaters9x,Mx5RoG,Sr
359,1783749881,12/16/2006,dlowdwell9y,KaM1EIPjRL,III
360,2638931225,7/23/2001,aoldroyd9z,XoEFU005T,Sr
361,9869772315,9/21/2007,clonnona0,2jspd7Eir6Mh,II
362,5810668895,11/17/2020,csimkovicha1,M5N5iOMwRtd,III
363,835696227,8/15/2013,hscrivera2,NHZc544j7Q6b,Sr
364,5515546873,12/14/2004,chalewooda3,XfuiCvxN9SP,Sr
365,8765493982,1/27/2011,kcourverta4,fqHQ9p,IV
366,6205922479,6/11/2008,smcgeowna5,Y5pFVJ,III
367,2105353924,3/8/2005,binstona6,GnZQzE,IV
368,3406164226,2/6/2003,sledgera7,CJaVM4m2,II
369,6194956771,5/21/2002,jmepsteda8,dJLbYQ,Sr
370,2952623090,12/1/2019,pmathissena9,ZVRcj6K,III
371,8581468241,2/12/2017,aknowlysaa,GGjmJ8,Sr
372,8541848078,12/23/2000,sandriessenab,6J8MI2PDZ6,IV
373,2523408872,12/29/2018,alowseleyac,mXyXzv,Sr
374,4703646110,10/2/2012,cgelletlyad,hLpJhR1G9j,III
375,603303242,9/1/2003,cideae,L8FMMG7WSM,II
376,349040591,8/25/2002,iheisleraf,6fExSh,II
377,2442299119,7/7/2010,fhickinbottomag,Wjw6HuNfEv,IV
378,7242340594,7/22/2005,fdalglieshah,bdnr6pLYBsbJ,IV
379,3470862702,10/26/2013,jdurekai,SBRtC2,Jr
380,2752158904,7/31/2004,tschankelaj,qQDLDb,III
381,6881939868,11/3/2003,blanganak,j5Ruj2B,Jr
382,2344716114,8/3/2005,cbrigstockal,lXeG8Dn9AvN,Sr
383,9788432719,8/11/2016,jplayfordam,ior5kNi,Jr
384,6070732049,8/1/2018,bparrotan,TYeJbRVjNp,II
385,6344808217,12/29/2019,ebortolottiao,fKX9DZ,Sr
386,6869318611,12/31/2009,tkeppieap,KuEqjg9glW,III
387,1415863741,3/6/2002,acullabineaq,5GpjkA9dt,II
388,7863191092,5/22/2013,jmenchentonar,2wSlh2Oa3,IV
389,3088700669,10/1/2012,dmacginleyas,O21hIlvk2O7,IV
390,5789882927,6/21/2013,kscroggieat,1iDkK7kbi6,IV
391,8287074185,5/21/2006,hblagbroughau,w633zJE,IV
392,9912374584,1/15/2012,ytregienav,LrV6Zy1X,IV
393,9519920978,7/11/2005,kwenhamaw,L4Wn186muM,III
394,2821094205,11/9/2009,kkoppensax,ZlZngbWK,Sr
395,5189089355,11/19/2004,ahadwinay,TCGxsFG,Jr
396,1814513434,8/26/2015,rguitonneauaz,LgofJE,II
397,3668447683,6/6/2009,wlauthianb0,upa9oWe3yr,II
398,7562835853,10/17/2018,pvannonib1,vq0VLkZPi,IV
399,1112764844,9/29/2009,mtamplinb2,XtTjrIHt,IV
400,8752166422,7/4/2021,ahuckeb3,SyGBdzOk5i,Sr
401,6346130625,9/20/2013,fcaughtryb4,x0YMUQ,Sr
402,7185784336,3/1/2012,aklaesb5,0wNI1J1s7,II
403,2489980882,2/18/2013,dcasperrib6,zvBqsa,Jr
404,6618381118,7/13/2006,kklagemanb7,bRltmi5,Sr
405,8451632130,6/6/2022,tmullinerb8,hG28DjP74KJ,Jr
406,8191537117,1/21/2018,mcallacherb9,NUxmA8h,Jr
407,3294321015,4/29/2004,nbrookingba,MhmSe296N,II
408,3351836473,3/31/2007,peptonbb,NMGbs81kKYc,Jr
409,6494401848,5/22/2014,vtaborbc,N6EDQ9y,II
410,127916113,11/15/2006,ccouparbd,20zD7MPIRlX,Jr
411,6992379909,8/11/2007,ljedrykabe,kuJjn84,Jr
412,4018661223,12/12/2019,mtomabf,zEVeWDtDKBh,Jr
413,5851584823,3/10/2017,nburghallbg,Lo1odKfrfAgL,IV
414,8616919570,5/27/2017,cmoysebh,m7XFva3Xt,Sr
415,1152374370,7/2/2004,dsolonbi,DqyEIIyzLVwJ,IV
416,8888192794,12/19/2014,jvannuchibj,XCE5KCdM,IV
417,1068338199,9/12/2019,fmckerleybk,wglTQERoLwcn,Jr
418,1584949929,5/21/2017,pisetonbl,vGaumiH,II
419,4614399681,6/5/2018,fmacgeffenbm,TFhqRnB6r,Jr
420,5685608071,8/22/2001,iwhippbn,zAnXuK5Z,IV
421,3585478212,3/6/2014,sjeynesbo,1uAdA7P7p1T,II
422,5161525525,9/17/2005,vevesquebp,2yye7Nzh,Sr
423,9496110525,12/6/2013,msanbrookebq,vaezQS50agWf,IV
424,3067228065,10/15/2011,cemmabr,1J0kRznUNju6,II
425,2617415155,2/3/2002,scalverbs,S6v8ma49ycuw,III
426,7136791871,3/18/2009,hcordreybt,niCWZ7,IV
427,5675726586,1/1/2017,ygradleybu,tNmqpyj,Jr
428,4988239969,4/11/2017,jpowlingbv,lgJjrJ33a4uL,Jr
429,7948553304,5/23/2004,cpowbw,XcmZrJ,III
430,1084565838,8/14/2015,bmccarrollbx,EZsZlJbqtH,Sr
431,2192083114,2/2/2017,rwythillby,VSvlKi027V6f,III
432,4878115785,6/28/2010,mrackbz,0NK84qD3eo,II
433,8222742477,4/20/2016,rfoggc0,nr7e3Ddl,II
434,6616454150,4/10/2019,tmerchantc1,3ONdsBD,II
435,1883086140,3/22/2021,sleedsc2,zJVDrRZe2e,Sr
436,6932675730,12/31/2016,gaxlebyc3,ZZahIBo,II
437,8684863453,4/28/2019,mchildersc4,SzDeJhKgLEX,Jr
438,2948607051,3/11/2017,prylesc5,1rCHl4Zc,III
439,5738160975,4/13/2015,tmaydwellc6,sFTJgNNKKtN5,Sr
440,3941654578,3/19/2015,cdranfieldc7,ztEmT0Jc1,IV
441,8496728374,1/27/2003,bledgisterc8,CVPi7KRdH1q,III
442,6674771546,11/20/2013,cwestheadc9,FaHIo7j,IV
443,2310402443,12/3/2008,hcoombesca,WcdUrDlHoA1J,IV
444,182000087,6/1/2003,hflecknoecb,CWRPg5mEX7g7,Jr
445,5900102882,12/16/2003,pwalklingcc,kN4AF149tQz,II
446,8159393490,6/5/2012,ialbasinicd,JrGhnWGi,Sr
447,9615552100,12/28/2013,ggillebridece,YGypPefbkOh,II
448,5069199226,2/2/2000,bdupoycf,nOCWXo,Jr
449,2137365324,3/23/2012,mwardropcg,oRHmlkApxLcf,IV
450,6987461260,4/12/2013,wbellhangerch,j7BPUemj,IV
451,615933688,1/11/2010,ddavidovitsci,mQGlNaymsvL,IV
452,989432696,10/7/2004,kizkovicicj,yJvQdkQt,IV
453,5192121019,9/18/2014,lsandercroftck,I2PFf46Wblq,III
454,556757831,4/16/2018,bbradercl,hl11or5Kge,IV
455,3305595779,6/13/2011,jcopinscm,vK8QZOWP,III
456,4975085720,7/29/2013,cdahmelcn,0ajf3m,Sr
457,4200329360,1/21/2011,hmargueriteco,j0ArfWwwy,II
458,3212417978,8/6/2007,gyakobowitchcp,NZwHzfQFy,IV
459,5909853457,7/4/2008,mgoforthcq,kUWvjcoX1G,Jr
460,5002233201,4/24/2010,tmingardcr,EW0ACZhIQ,Sr
461,9933045261,5/26/2010,flillowcs,o0Bixk,II
462,4901924044,2/25/2018,rjirickct,jxM2F0JtYwps,II
463,6598234158,1/4/2007,dflanderscu,lhso7GP5,IV
464,1455819867,6/8/2002,nolivellicv,2NEjeNdftcN,IV
465,4341844644,10/26/2008,gpasterfieldcw,IryLr08,III
466,8043327866,8/8/2011,cmcgillivraycx,z7CYlrbYVS,Jr
467,818492252,2/25/2015,ebeddallcy,s6AdZLzMLSq,III
468,8812197582,9/5/2005,swhitingtoncz,lTs0TWSlT7GR,Sr
469,7388914226,10/29/2001,sgianuzzid0,uPuUTTAZH,Jr
470,5413722087,3/18/2013,lbalduccid1,Xjmkqd0P,II
471,6658843724,4/11/2015,eteligad2,sv3refcRDv4A,III
472,8587604481,3/5/2009,mdudenied3,95U1hPXBsSU,Sr
473,1772803367,7/23/2009,dleighd4,rZTc6X6Yimu,II
474,4885453429,12/13/2014,zmonteauxd5,J1wEBv,IV
475,2596691787,9/9/2018,amcluckied6,OHENnr6lzI,II
476,812901614,1/3/2016,ffered7,tgz2plaSp,Jr
477,5435289785,9/2/2001,ocauserd8,JahQh8,II
478,8621420007,3/31/2017,ppauleitd9,6HDn6rz2M,Jr
479,147593697,10/23/2005,saspitalda,4Pz4xeWB,IV
480,7032722253,8/20/2014,gsturrordb,La31sv,Jr
481,3285197358,11/10/2018,abeagriedc,VlokxxSHJoW,Sr
482,6299294787,1/25/2007,amorcombdd,K99Szrmcln3b,III
483,3363034261,9/14/2007,lthumnelde,xw2pVlA5V,III
484,6387864194,10/2/2014,wjackedf,BEeTeE,IV
485,9914516335,2/28/2007,raltimasdg,5fwxvMAw,II
486,1898078874,1/25/2017,wruberydh,SFPDafSA,Jr
487,7281999321,9/4/2001,vposendi,1SniURSP,Sr
488,5039697430,5/6/2022,mhindenburgdj,nw7ZR08wN4v,Jr
489,1412876990,6/9/2009,hblackabydk,BtLAIlJe1,IV
490,839748493,8/28/2007,elevisdl,Ymu8RTDV,Jr
491,1751384055,5/19/2007,tmacmeekandm,ToAVqv,III
492,168622513,6/14/2016,dbernardinidn,uUJ7cl,IV
493,9752125247,12/2/2012,uoffilldo,pAeFIiZKQR,III
494,8249038533,10/23/2008,croderighidp,WIW4tyH,II
495,9338960625,5/25/2008,ddeyesdq,YZC5LqchH2At,Sr
496,5510868708,7/23/2008,cbedderdr,oPSmj5WGoZvE,IV
497,5473577075,1/15/2004,jchristieds,F6OaM0,III
498,4206590761,12/22/2001,lextancedt,NF9wUK,II
499,6503928610,12/8/2017,amatteuccidu,8VAggc1D7qX,Jr
500,7733840511,5/15/2019,kipwelldv,cR1L548vBa,Jr
501,5879576728,8/3/2000,fiwanickidw,fxnNqyZgJp7D,III
502,543541843,11/8/2018,ekanzlerdx,GXpnTZe1GtY,II
503,563818743,4/2/2010,kbarkdy,6T1eCR,III
504,964533472,7/6/2022,bbustondz,3ZHnTP,Sr
505,3822719145,5/1/2010,lsillse0,GWTg88v0akpf,Jr
506,2629114457,5/3/2014,myashine1,ejzSBXTTTc,Sr
507,5409434374,10/31/2017,lgoskere2,d8DuuKJw9,II
508,6311755041,3/10/2001,cmilmoe3,bNgCvasyRu2,III
509,4724074302,1/17/2015,gcrofte4,Tt9rRhAcUg1,Jr
510,7750192573,6/17/2021,dsuscense5,9xMGV9AdraLu,Jr
511,5450769148,6/6/2006,kcostane6,kjudfoYfY,II
512,7136600766,6/8/2014,chryskiewicze7,8A7N2y,III
513,8835925614,2/8/2018,rbradburnee8,cYhNpVeY9U,IV
514,5855613399,2/17/2019,rtottlee9,gUwYXKIvm,III
515,8771894659,1/6/2020,dasquezea,bdxIZcxdvnA,II
516,3602712001,1/20/2001,jitzigeb,q76jH2ViNl,Sr
517,3404695240,4/4/2007,cpeabodyec,WAjW5ueT72,II
518,9963204546,3/30/2022,nwiddocksed,R6XPWeh,III
519,6096393675,12/14/2004,aclynteree,u1yZj4,III
520,8772836237,1/2/2000,agoneyef,q913UWJbWtPK,Sr
521,9404710334,8/8/2003,jridgeseg,tzZJ5MFeCgt,II
522,575400439,8/16/2021,mmellodyeh,5OQB3liU,Sr
523,3960569378,1/27/2018,hwulfingerei,Clbsfm,Jr
524,8378107620,5/16/2004,cscotsbrookej,hcFwIU6J,IV
525,4407255692,7/5/2016,gsayeek,9EAISnSaI8fY,Sr
526,530892111,12/7/2000,kvanrembrandtel,yFhHWpyyo,Sr
527,8683995313,2/20/2018,doneileem,QgydL3iX,Jr
528,6874314203,10/25/2003,pstarkingsen,9jfHw8ZR,IV
529,6098794154,10/23/2017,aarnelyeo,LDJK0ra3,III
530,1436454689,12/28/2008,friggollep,ohn1XTnuuQNn,III
531,1910447382,3/25/2018,czuckereq,e44xzV,Jr
532,7424451502,2/19/2008,cgouldebyer,dMfpiZp3d9h,Sr
533,3991070359,12/24/2021,bmasices,UktEQQ8890,II
534,9938700470,6/24/2002,shardanet,xd2ATYtOlib,IV
535,7752669040,2/2/2001,gfranckeu,coHGy4,Jr
536,3723773486,8/17/2016,thiddersleyev,sA01HKCcGAZ,IV
537,4500385436,7/14/2015,etumpaneew,uILDZhDO,Jr
538,2946121496,5/19/2018,jvanniniex,zzRCXF8,III
539,5437638868,2/16/2001,gheightey,k4ca7d,II
540,9293602997,3/4/2016,ikewzickez,w4Yh08,IV
541,4502152978,12/10/2019,vmixerf0,uxLded,II
542,5183620237,12/31/2009,nberrillf1,Q6PcIglq,III
543,6536975561,8/29/2021,epergensf2,oLovd5HCaU5,Sr
544,2009702654,7/6/2015,arowcliffef3,MdyqUbEcARF,IV
545,7805767963,5/13/2006,ldefauf4,BzbLF0r2UZo,IV
546,3945604842,3/17/2006,kparradicef5,Pp0OcEughr,Sr
547,6711873777,6/28/2015,mellandf6,CR0ofI0wSJZj,Sr
548,5151607219,9/28/2002,ragatesf7,9HLFxXF,Jr
549,8372748829,1/30/2015,shaulkhamf8,cZZnJyF9t,II
550,1570599955,3/17/2013,wmaytef9,dRBNrPU,II
551,2441529692,11/27/2011,dmaffiafa,P2sJL8,IV
552,3762373256,11/2/2004,vcarniefb,MYFUPffdK,Sr
553,8138279656,3/11/2003,ktoftsfc,qQmhR9Dc,III
554,2961891108,7/4/2019,hpowleslandfd,KXg3L8m5Kpa,IV
555,3299817280,8/16/2003,ruzellife,BlR1a9bin1t,III
556,7931477790,6/28/2016,gquereeff,cZniN9ke,Sr
557,3886289303,11/23/2018,sspelmanfg,hejMZm2Fay,III
558,4694748882,3/12/2017,sabberleyfh,8wnE7D5,IV
559,1036289494,10/20/2017,wabrahamsfi,bjW2cVW,II
560,5638407561,10/10/2016,mburdefj,CHeWqPEmN,III
561,2688477684,12/11/2020,hashwoodfk,otM7FK,Jr
562,5753385249,9/2/2013,drupkefl,TWQ2FlDGDP,IV
563,4277074081,5/31/2016,rferreirofm,UBtGNN,IV
564,5589910579,1/20/2013,hconnachanfn,2lKXHlfuU1,Sr
565,8384525900,4/8/2018,smapledorumfo,l2C8bQN5wd6,Sr
566,5664652438,2/15/2010,cnoarfp,eVE8atH7,Sr
567,3727996323,3/28/2006,goleszcukfq,Ou6Vk2wi8q,Jr
568,3149875218,11/9/2014,elevyfr,0hDde9Wj,Jr
569,9787453739,7/20/2005,hdeinertfs,4gk3SDwtxhg,II
570,6673315628,7/16/2017,bjenoureft,rK8HVlSqCpyD,IV
571,8772663804,2/7/2003,cklemtfu,lChoAwOWv2GB,II
572,5645486250,1/11/2011,hblowfv,zazpnt,IV
573,9312742868,3/7/2001,cwyperfw,jVwSGqe,Jr
574,5110055912,11/18/2011,rravensfx,x5l5zTFUaTx,III
575,3818997322,4/16/2004,olickorishfy,WJz73S9s,Sr
576,5928654464,2/12/2005,erosenkrancfz,NfwttoOiPx,Jr
577,3572025214,8/23/2009,dingreg0,iPVfjDY,Sr
578,8828736879,1/31/2005,fmeneelyg1,E5gZYRWXAVgl,III
579,2439982474,1/23/2012,flesurfg2,6cKi4yWb,IV
580,7455050429,8/15/2009,nwayeg3,jj8vXqs7,Jr
581,6363970237,5/6/2011,bortasg4,FGDCDBzKo,Sr
582,342831550,1/8/2007,wsomerscalesg5,gZPY2R7,Jr
583,452577454,12/3/2003,pdautryg6,xme3Lg6J9qh,II
584,6726942982,5/2/2006,rdurtnallg7,YA1gk1x95,Sr
585,2397000148,6/2/2017,emeneuxg8,vhWlEMS2lB2l,II
586,3228074994,10/10/2000,sflecknoeg9,VsB7hzIaQt,II
587,6672597824,4/5/2016,dshakeshaftga,t2TEOK2,Jr
588,9132091524,8/10/2019,amcgormangb,2D3UG4,III
589,3366945451,4/12/2016,mdodimeadgc,frD1BGn,Sr
590,6168954090,3/25/2007,cprivettgd,fbNpKkw3tl,IV
591,8302905135,8/7/2001,twhetsonge,ih6eaFckk44,III
592,8491756752,5/31/2019,wepgravegf,lso45sSMC,II
593,2996650247,9/16/2007,malbuttgg,WWuFgA,Jr
594,465076807,5/23/2016,abushellgh,p4TfhvGGCec0,Sr
595,5040360215,9/22/2011,agerygi,rKkuUXKpmd8,IV
596,7082917112,10/8/2020,afarrearsgj,RhJO3SsK7,Jr
597,1457406675,1/25/2002,qstophergk,L3DAmM2C3IQ,IV
598,6367462066,5/31/2017,bantwisgl,AX6Y6F,IV
599,9856842425,11/12/2018,tburberrygm,T54ZIkO2vf,Sr
600,3501192096,9/14/2017,jslotgn,rFEb50,Sr
601,3894041331,3/26/2011,gbroadergo,1h8EfVcQGRI,III
602,8168974638,7/26/2016,jdyasgp,SsXSOFQ,Jr
603,5261148359,3/14/2005,hhelmkegq,7CUAORU,IV
604,9477830321,6/4/2005,negdellgr,APMU7Er,III
605,1860173632,5/29/2022,broskillygs,vbZ0KHnbc2,Sr
606,4589994496,2/26/2012,tvispogt,LlRF0kasaCJE,II
607,5022001411,3/25/2001,nduffilgu,S0bIqhnOS5n,IV
608,5864502170,8/4/2011,btelfordgv,69VcclGo6F,II
609,8903646150,2/26/2010,wbilsfordgw,QC8nknWJPA,IV
610,9330468926,8/16/2011,iemlochgx,RmrAqFsK,Sr
611,3995933947,3/9/2003,dbaynsgy,SL3tYx,Sr
612,6151676459,7/8/2010,rmacilhargygz,zZ0wVz,III
613,3900581460,12/16/2008,mgraffhamh0,Qv5SF27,III
614,9600070393,7/5/2002,cgerishh1,R6BjXKTXJ,Jr
615,2134957697,10/23/2003,kmechich2,NksWgf3Wh,II
616,7998760672,10/16/2019,cecclestoneh3,eYJ0wkMqMLXV,III
617,7325459076,3/9/2010,nwhitenh4,aszChkrw3,II
618,7512234058,4/19/2001,aowtramh5,70gO3ZF,II
619,201382997,6/2/2002,lbaptistah6,bJvtg4h,III
620,2769415565,2/1/2015,bdurranh7,hYAC7L4Q,Sr
621,5481364999,12/4/2003,zoddh8,0rJi6kyArSeu,IV
622,2501545001,7/26/2022,epyzerh9,62xoYpTdApaz,III
623,1964575567,11/3/2019,krammellha,tsP5zpT,IV
624,7090765938,7/31/2002,sandrysekhb,TefPQvzEQ,III
625,46395881,9/23/2012,cdumphreyshc,avBxOUAWFT8X,IV
626,9811976740,11/8/2002,cphorsbyhd,JC9kPY555T,Jr
627,7172764102,4/7/2020,kdjekiche,Lpn9tJushXWD,III
628,1462267548,9/23/2003,cneisinghf,1hlumI6,Jr
629,2075145261,6/10/2013,nccominihg,vsyfyZ9yOM,Sr
630,5037817250,9/13/2012,cklewerhh,5svGoegClM,IV
631,2222578752,1/13/2015,rtregonahi,HYAtcBjzV8g,IV
632,784777497,4/11/2016,gskatcherhj,IQUNl7Lz,II
633,8284989867,12/13/2015,fettridgehk,749uBr,III
634,5374540165,8/15/2000,gtembeyhl,QkEqBJBqSzsO,II
635,4229652860,6/23/2021,hhusthwaitehm,IFB0UwFt,Sr
636,4045751181,8/3/2018,stremeerhn,zt9wNgWfW,IV
637,6485137750,9/30/2004,aprobackho,Wn6ewdkXs,Sr
638,2268780651,6/14/2005,treilingenhp,6BlGhIO0QL,IV
639,1492961698,11/17/2014,ciacovacciohq,9SlQ5X6vZ,IV
640,6862831917,3/15/2004,agyerhr,FsS9rbSUNQEp,Jr
641,5276324336,4/1/2004,asymcoxehs,XSxMJPXPJm,Jr
642,4671111853,10/12/2015,clangmuirht,hhNgyEW,Jr
643,3492882641,5/19/2004,vbuttershu,RqLus2Z1kfQd,II
644,9088563721,1/5/2010,pflellohv,Qqp4cO,II
645,5529699243,2/2/2013,kcoopehw,M94oCG,II
646,465225241,1/10/2003,gmacakhx,YBdKYF4SQ,Sr
647,421376791,2/2/2013,blawtonhy,RL8oy4a3rs,Sr
648,8506937280,6/25/2009,egainorhz,L6mW8v,Jr
649,9342237266,3/22/2020,sstandbridgei0,8G3rZtrw,IV
650,7920256534,5/19/2016,cmonellii1,8zO8XrMWL,IV
651,2877832295,4/11/2020,dglisoni2,a7Ug8k,IV
652,8329893405,5/28/2011,churdlei3,KPuRx7F,II
653,8207402202,4/6/2013,gyorathi4,bD84LNoV,II
654,8501118176,10/8/2017,hfrantzenii5,T1Fvc8iJaCab,Jr
655,6745639548,10/30/2021,stalli6,Go5NstdOYr6r,Sr
656,6726471386,4/5/2014,lthornleyi7,oeTgvgrvx,Sr
657,1175109142,12/9/2010,bmallabundi8,HF2sZ4Le9dZF,II
658,1629027006,7/20/2001,dkeeffei9,GnPawsa,IV
659,8006570663,3/6/2000,krultonia,CDw7lqm24BQn,II
660,7706794687,7/13/2005,gcorbieib,SxugIqt0ljD,IV
661,5180925177,9/25/2013,jbemwellic,nkFS30DV2w,IV
662,8985302922,8/26/2011,ralessandoneid,IyBhlAg,IV
663,2952103070,1/11/2012,ggiddingsie,AuRzZfC6sq,Sr
664,9786242297,4/29/2005,tohingertyif,7FauGL,Jr
665,4058086890,12/13/2000,akalinovichig,KpgykoBxsn,III
666,7555879832,1/29/2017,ahavelinih,3wUH2G1ULo,Sr
667,7505669281,2/7/2021,kcasoneii,6vuKFqo,III
668,8029406770,8/25/2018,abelwardij,VFHyEcd79Oz,IV
669,2043485016,11/25/2018,jvillaltaik,Pv5VpsleHq3,IV
670,2185462385,8/10/2004,slamdenil,dyEkh4p3rHs,Jr
671,5792604878,8/7/2005,aspeachleyim,rNs28mg1Xsm,II
672,8474727480,4/23/2013,sclarricoatesin,eBUTP2h0GpBx,III
673,7092087465,4/10/2009,tbanasevichio,Yc8ikh2,Sr
674,1398260215,2/2/2015,sblydenip,E15mMx,Jr
675,4322717403,4/10/2022,hbelchambersiq,SR50gU,II
676,5513974657,4/17/2014,jsmeesir,TTRuC6Q8ow5,Jr
677,6926452229,3/26/2015,iswitzeris,pS1o8df,Jr
678,5226811209,6/18/2022,slettuceit,fjCMkPsf,III
679,1869452011,9/11/2000,arhodusiu,6mtgVgx4,Sr
680,3868558365,5/18/2014,mkipplingiv,xjneCuwXCgOf,Jr
681,5787734173,10/31/2010,kfaderiw,T50AUj,IV
682,8358706650,10/2/2012,ldelchecoloix,MRGMJ89CyR,IV
683,5691192329,3/20/2012,mdillistoneiy,gmsVb2hR,IV
684,919285066,5/27/2003,ahinkesiz,SWFahL,Sr
685,1838748377,5/31/2009,alongegaj0,K4hdbd,IV
686,7360792711,7/7/2014,gsparsholtj1,k0Z3wan9,Jr
687,282839828,11/10/2013,lyettsj2,Kinsciq,III
688,5021279785,9/9/2015,dheliarj3,aAN8EKndr,Sr
689,7018034477,4/2/2004,mraymentj4,J8iRTsY7ShL,IV
690,6437232870,12/25/2015,maltamiranoj5,vEjNb8L0B6gd,Jr
691,6364078796,5/11/2008,ctidderj6,k7xU6rBh9Q,Jr
692,529615592,10/6/2004,mbarnewallj7,EKmk9WaGqw,II
693,8710519475,2/16/2008,sheadfordj8,qd80Gyzxy,Sr
694,4749169072,10/21/2009,whickeringillj9,EdNdjZVVleF,IV
695,1214893171,6/29/2005,qganterja,x2b4VSEmi,Sr
696,2954121971,10/26/2009,agotmannjb,egahWcU,IV
697,1522652434,7/20/2003,ccrowejc,36oQH9GFuATc,II
698,9312297422,3/21/2015,lrhulejd,OYKXuG,Jr
699,6402699640,5/9/2014,rheddeje,EIeHZHFmrN,II
700,729453251,9/8/2000,oberriganjf,wEqzcXgLnvMn,III
701,6659533451,12/30/2005,dgarrattleyjg,lT97cbecKCs,II
702,767521692,10/14/2003,lchapirojh,iJgDy0uVInQa,III
703,9242770531,10/28/2006,phitterji,qg13NNE,Sr
704,8802948445,3/1/2010,amacshirriejj,lWNJk9jgZ0J,Sr
705,4810820610,10/23/2017,weydenjk,DoeyLdcP,II
706,3045910009,8/19/2019,dricardonjl,Cp0MT28NRHiB,IV
707,1797680064,7/3/2000,chartyjm,rgPeJsRvHN,Jr
708,4212720647,4/24/2009,gsmalemanjn,nB7XbQ14MiKs,III
709,5817678365,8/29/2003,jbaukhamjo,waM6gvh,II
710,6116076211,10/2/2018,sbhatiajp,jHXnTaZS18E,Jr
711,5280874418,11/6/2007,lrosthornjq,5nGpmWaMhHN,Sr
712,2366847815,1/8/2010,srevillejr,S1H9pC,II
713,8907850593,8/25/2014,sselvesterjs,GynVZMJCxGE,IV
714,3171316552,7/6/2002,khilandjt,uU13HPS0FR,Jr
715,744482046,9/11/2006,kagettju,O93SpwiDJ,II
716,9280280244,12/25/2016,hhaggerstonejv,SQzDhf,II
717,4794674686,10/3/2017,wattreejw,Q9cq25vf1L4X,II
718,8013404463,3/30/2019,bcowchajx,uOCOBw,Sr
719,6235242697,9/6/2005,bvoycejy,16i6UYLu8e2,Sr
720,5996465051,8/9/2014,dfranchionijz,mwrcZG,Sr
721,4160249787,4/17/2015,ffretsonk0,71HElKEyCL,II
722,2421752612,8/2/2019,rgaukrodgek1,3CGiw6,Sr
723,2990940863,4/22/2006,cchildrenk2,VwcucyNbZQB,II
724,7169122758,6/21/2020,fsheehank3,y7hmAf06oKs,Sr
725,7359846617,3/6/2009,rpignonk4,xEGYdOo,Sr
726,4964038998,7/4/2009,fkneeshawk5,hlyfmCx,Sr
727,6973587518,10/15/2001,ldoerrlingk6,o5w79vU,Sr
728,1113728051,1/29/2010,lmannoochk7,IHQWOF,Sr
729,3168007889,7/22/2010,nborzonek8,aCKG4C,III
730,5580361165,4/3/2007,mondrak9,mJn6o2Ky0o5,II
731,3933954398,2/17/2004,bferonka,dHL1Prj,Jr
732,9464981474,2/2/2019,etheakerkb,O9dACs3smh,III
733,5785365855,5/16/2013,tabdykc,b77oV85dpB3g,III
734,5456604701,3/18/2000,mburchettkd,oCongU5dlYuY,Jr
735,8690620109,11/8/2005,pchapelleke,6AUj05,IV
736,1424592089,1/13/2004,vkarlqvistkf,w35AwCx,Jr
737,5817197014,11/20/2016,imacgraithkg,FZPxOF,Sr
738,6467364120,11/25/2020,emourtonkh,OxVO1SJteYPd,IV
739,2389442110,10/13/2020,jwainscoatki,pdOZVNUEOF2A,Jr
740,7445415025,9/21/2001,mhothersallkj,9YCSAdq,IV
741,1429369698,2/7/2009,lgoldsterkk,dnpIcKcTk1q,II
742,3212352027,9/22/2008,ehagankl,xzaVjhu03,III
743,9503201683,6/24/2017,alomasnakm,cstqdX,II
744,8660723635,10/11/2021,cwheaterkn,aXHtywl,III
745,419991654,8/3/2014,jbaterko,LpYnYVLB,II
746,9680125467,5/1/2006,dhorribinekp,ABpE99,II
747,1204118469,1/21/2022,imckeankq,CrntoqXmEy,IV
748,2531955690,10/12/2002,ekilnerkr,CoL2Qik,Sr
749,5868068327,10/14/2020,iyessonks,6AlU78,II
750,776442325,5/17/2013,mwohlerkt,aBWEhLpab,III
751,7062685879,8/31/2003,fhammillku,yivZ8NdCNfx,II
752,9246102584,12/31/2007,dpavyerkv,HwaXRvEQ0j8,II
753,6939431985,7/13/2002,dbuckthoughtkw,4neGNhfJp1,Jr
754,5625307865,2/23/2009,sbockenkx,5VsiEk23JD,Sr
755,1533535256,10/25/2018,dtirreyky,1UE7ZpU5cL,Jr
756,5172437525,10/25/2008,gwollrauchkz,x2GirAu,IV
757,9630120127,9/22/2001,kclausl0,Pyt5mA,Sr
758,7959649820,11/2/2012,cpinnerl1,sp6s2h6yCj,II
759,3039966642,6/14/2016,wprudencel2,RrHKwdVl7,Sr
760,4001036525,7/12/2016,cbowsteadl3,Yq69r9M3,IV
761,7182434369,3/18/2004,nstuckel4,RLl3LGH2pb6Z,II
762,8200650138,4/22/2003,wdoolanl5,FWT2Qvjr,III
763,2840592533,2/25/2012,ablaslil6,69nLez,Jr
764,424895978,3/24/2015,jgiacomil7,GPbMrqCGgrtd,III
765,9781397977,4/23/2009,ccathell8,zX8psCkHR4ym,Jr
766,6718156027,4/11/2018,utiesl9,L6jGnB,Sr
767,9902598099,2/22/2003,ldallanderla,uYcgiDf4L,III
768,9939745796,6/11/2001,dwitteringlb,RjLSxmbngJdi,Jr
769,2523780135,3/11/2001,bjacklc,y7TjXBHxWFZj,Jr
770,5747490974,7/26/2004,cgameld,HyKiRy,IV
771,5152683997,6/6/2019,swychle,xjf0sBxmO0pK,Sr
772,3000997598,2/9/2009,cmacmakinlf,6sVMt82ESj,Jr
773,7001954675,11/26/2014,vborzonilg,z0B4YEYrgbKK,II
774,8511115005,11/29/2004,etschersichlh,fRLDs6vkexNW,II
775,9162958801,5/8/2019,mironsideli,tf9GOQVs,IV
776,6325512588,10/28/2010,khellinglj,fBHTO13ZsO,Sr
777,9235174791,11/2/2019,aibbersonlk,TvAyzMcZYC,IV
778,8893283697,11/2/2017,rharyngtonll,wfUy6LNWB,II
779,2550312708,11/22/2021,cquinseelm,5Y6ctT,Sr
780,4903884368,1/1/2015,fsindellln,b1g0F3F,Sr
781,9623438141,3/7/2008,swashbrooklo,g9FYlG,IV
782,8505317599,7/13/2017,cdeanlp,ocWL2c5W,Jr
783,8714914506,2/24/2004,rkocherlq,xLA75p7Lir8,III
784,5410545702,4/2/2001,zinworthlr,NmspPH,II
785,2961987970,10/13/2004,nfaustls,Yb7jjnh,Sr
786,1796871877,7/2/2020,marnholtzlt,LmoI7kbQ,II
787,3142499725,5/24/2013,aseelerlu,rdyiSeth,II
788,2532031050,11/19/2011,carndtsenlv,qJXjklD,IV
789,9509735620,3/23/2019,arouchlw,S7anynMM,IV
790,6242883791,10/18/2016,mblinermanlx,1SaD8HjS5VBB,Sr
791,7769634415,10/11/2001,miowarchly,lqroO2W8Qy9,II
792,973247150,10/24/2004,pbidmeadlz,dWRujqBXS,II
793,6267585077,9/25/2012,rfeversm0,gQ6VnNS,Sr
794,3628480469,8/23/2010,mstollenm1,jGr6n2h,Sr
795,7825947185,7/11/2014,kchildersm2,FxV0Y3vUlT,II
796,8487632025,12/17/2010,mmcgiffinm3,qAicCA,III
797,62808737,7/15/2002,vandrichakm4,PJoB5llP2j,III
798,1293288209,4/13/2016,cburgisim5,XwQW38FBZS,IV
799,7984537151,1/25/2011,leastlakem6,1vtWNNbw,II
800,9859960909,10/31/2010,rbouttellm7,W74WgJ,Jr
801,1062678079,1/20/2004,asewardsm8,ljMLSdXUGfY,IV
802,4749942855,6/21/2003,sbrosinim9,u8AN2L2,II
803,9846912099,7/29/2016,blettsonma,QvdgOklNLt,IV
804,8379468899,2/10/2019,dlongforthmb,ZS20iHdRUbzh,Sr
805,4911802464,4/13/2003,fgametmc,eNrTJBk5,IV
806,6635661778,11/4/2019,bbeauchampmd,Cs0OfXqX,Jr
807,2335362364,5/25/2007,dsalternme,9lnwWPS,III
808,514996498,10/24/2018,smcgarveymf,36CQrdfI21Vo,Sr
809,5433388441,6/18/2006,kpennonemg,10Xp23iU,II
810,6895854444,4/17/2000,abeeckermh,MauZRx,II
811,8933705783,12/22/2011,sredonmi,rhurY92ILYp,II
812,1756615802,12/26/2021,ofickmj,k8zuPs,Sr
813,12302333,7/31/2020,lillwellmk,tF5Vcp,Sr
814,4859295730,9/22/2006,bpersittml,eaAJGT,IV
815,716882442,2/27/2009,hpetkovmm,JSiiBCn96eb,Sr
816,8397476954,11/24/2013,ggrassermn,q5ETRpfCM9,IV
817,31582621,7/16/2020,lodowlingmo,QnJBZwy,IV
818,4694738089,9/9/2021,mpriestmp,6N6noV4UT,IV
819,1079692797,9/11/2012,pmariollemq,N3NrOi,IV
820,2359268856,1/12/2007,gadvanimr,bQ4B1KqbLhVm,Sr
821,1989834655,12/5/2014,avanderweedenburgms,HxytELcgrJzQ,Jr
822,5537860333,12/18/2016,craineymt,NoVqZhhmy,III
823,8108834449,4/29/2017,bcornewallmu,KZ9trcAOzA0i,IV
824,798256214,2/23/2021,mshrubsallmv,UMvwrRh,Sr
825,584397011,10/3/2003,wlanstonmw,FDHcptTSReJ,Jr
826,2249110611,12/13/2015,ldjurevicmx,yvnJFM,Jr
827,4100806175,7/15/2021,mgreenshielsmy,4g8Jwotaf,II
828,4497145808,5/24/2015,tgleedmz,Zsqrf0tlWpC,Sr
829,7469154779,10/31/2020,jdjokovicn0,C6zOiZZ,II
830,4816097864,4/22/2020,toheneryn1,bDhKx7mW,II
831,3679876696,8/3/2013,faikenheadn2,ZKIThI8,IV
832,2401632891,4/22/2013,rguyen3,MOIVEn1UYl,Jr
833,1579490247,10/17/2007,jcivitillon4,Tvxa3KWSL2,Sr
834,6345452181,10/21/2013,frekesn5,TvhhTV,IV
835,4159540872,8/6/2008,vbamlingn6,tLyk9Zw,II
836,2764797958,2/28/2019,nmonksfieldn7,GIP6FhY5790v,Sr
837,7909472234,10/22/2008,hfriseln8,id2QfLl3qj,II
838,1198008563,5/30/2003,kerbainn9,2tg7LWiX,III
839,1637354916,1/2/2019,nlambertina,7d5ulr,II
840,364850655,12/7/2009,ssleitnb,0gqzWf,II
841,5543228945,7/30/2013,lleversuchnc,4gkuvreY,IV
842,9873784985,10/18/2008,msockellnd,rsoYN5,Sr
843,251654710,9/5/2007,ksommerscalesne,tby0541I,Sr
844,4198550719,11/26/2021,tfranksnf,wqoc6Vzzb,Sr
845,5754563167,6/23/2021,kstottng,jADi9hXUd05M,IV
846,1007315539,7/21/2002,bohalleghanenh,tCfccIsS,Jr
847,1870915690,9/29/2010,csigneni,7kD7QDBNafpv,Jr
848,7619565191,3/24/2018,jcavilnj,dmnLM9xs,III
849,4074228378,10/17/2005,dblakeleynk,Pza6SqO,Jr
850,1281535591,1/18/2005,amundynl,h8jJvosyp,IV
851,7038845209,1/4/2007,wlistnm,A5ph0SFlL,Sr
852,1784140082,7/21/2002,fstockownn,gn0q8oj,II
853,1829830104,1/4/2002,nspeeksno,o8AvjC,II
854,6759439899,4/16/2015,jbrunningnp,5rJfeOc,III
855,5751098706,7/21/2013,ghailnq,yt1JjY,Jr
856,3531170414,3/3/2010,kevittnr,dDz5CF3G,III
857,3802908481,9/2/2005,egrishanovns,Dcu7tk,III
858,7439888960,3/20/2020,ftutingnt,hqHVa3egA,Jr
859,7738045868,2/5/2010,rstapforthnu,uANqIdK0,Jr
860,5767334838,2/23/2013,cfeckeynv,kfsNapzZzCd,III
861,143236768,11/9/2003,mcastelnw,GO8xz3,Sr
862,613882792,1/27/2011,mcradeynx,GzFNXDVg0tO,II
863,1370126239,10/16/2002,shammondny,89wXt5,II
864,7251729903,6/8/2007,agollinnz,ersdj4,Sr
865,8437027403,11/29/2013,crihaneko0,4dT7qXzz9qYM,IV
866,250212137,2/9/2021,sbuteo1,papD9AzY7,Jr
867,4451435404,12/23/2005,llanneyo2,WeXvf4kC,Sr
868,4430714959,5/19/2017,mdennisono3,Jvgis9W9Jn9S,II
869,1365647269,5/22/2005,cpresnailo4,ZiGrYfw9,IV
870,985563575,7/14/2003,wsockello5,QQtFqW0uQ37,II
871,7249476459,8/18/2003,klindeboomo6,u7LNAc0b1,III
872,9626416351,11/23/2006,isimeonso7,XulIbTPq3g,III
873,5517019722,7/9/2006,mdimmocko8,a6SdlYO,III
874,2136060066,5/2/2008,sbaskerfieldo9,RknEgxav,III
875,6071927900,8/24/2008,bjohanssonoa,N5Iy2W9s,Jr
876,9814085049,5/30/2017,cmuneelyob,pyVJAZSoE,Jr
877,3014059331,7/26/2006,jgonneloc,2LKfdoq,II
878,2152160002,5/26/2013,lmcgillivrieod,AKmRVzNR,Sr
879,8373632166,1/19/2002,hnewarkoe,hotPdePlT4v,Jr
880,3280373859,1/23/2005,klipsonof,DHzshWdAgKB,II
881,1079660011,5/9/2009,wbozwardog,uqGOTU,III
882,8585495995,9/11/2019,barchbuttoh,jm6OmKB2ZmW,Jr
883,3075189596,2/13/2020,klinnitoi,3R66eZptPRp,II
884,4839318271,7/25/2008,bbyarsoj,Q9er08iBp,Sr
885,1521813337,3/6/2000,xbaloghok,vrHkNZ9vs4X,II
886,849225108,6/29/2019,croostanol,rCq1fuT5,II
887,2707880361,8/29/2010,sseideom,jzdmDfUg8prR,Sr
888,5371820906,8/2/2015,ywatkinson,6nySB5M3,IV
889,4354959038,2/25/2020,swinsborrowoo,6cet8B,IV
890,2460082819,3/26/2015,lfilippyevop,V7QdGzgfurh,III
891,5625161135,10/26/2002,rvandevliesoq,zqFIbmSGM,IV
892,8728161483,6/12/2021,gwaddamsor,ntmIdIxPj,IV
893,6292155730,2/15/2004,sgoneauos,U4X3hYSu,III
894,8121272904,2/10/2004,ayurkevichot,0mbq5Jcmh,III
895,108833941,10/26/2010,ascarlinou,pPxHyP,III
896,8032149759,11/29/2002,ahalliwellov,kMaeKzMeVZ,Jr
897,3498288873,2/28/2004,chawsonow,IqW1yVtdhLS,IV
898,9540959748,1/18/2014,lyakobowitchox,oAEJL1n,IV
899,4865786538,5/6/2013,alaffordoy,sE3qCVm,Jr
900,197974937,12/31/2006,dquinnoz,8Okb4g2AE2lN,Sr
901,2063456879,12/27/2020,olockhartp0,sWSkKrtV,Jr
902,6960232333,3/10/2008,adulakep1,MuHWMuDTw,Sr
903,2078428752,3/23/2002,elaveryp2,vapdyX,III
904,8175744138,7/3/2012,ghatherleighp3,nHGV4LElKN1f,Jr
905,7526765913,9/3/2004,csheplandp4,2P51z9CYZhoC,Jr
906,6780866458,9/21/2018,bkurtp5,KmmLsZJtR2kc,Jr
907,856710970,11/23/2017,fandrewsp6,lIDTiIM,Sr
908,6961177964,8/16/2009,ecowlamp7,coQA0UaXS,IV
909,1179730224,11/17/2005,lopdenorthp8,t0ndJVbpo,III
910,8257668869,10/21/2004,yseyp9,VsfriRR5Gfr1,Jr
911,8510063419,11/8/2001,bellspa,9QhUqMD5wcZp,Jr
912,7680564981,11/8/2001,jfarhertypb,oJFQeowwqF2,IV
913,8025395103,1/7/2014,csimpkisspc,WBASlzKkt,IV
914,1251997368,3/16/2013,bshearstonpd,HNu2Mb,II
915,2151302938,2/22/2019,ulegallope,ZL1QNb4,III
916,2770760424,11/29/2001,chindshawpf,SarLuH6L,IV
917,9149938398,3/20/2018,dpetreczpg,OaatmlRCX4G7,IV
918,2700027833,1/11/2000,hshevlinph,HJceZR0tCI,IV
919,5934705032,5/20/2004,kohallaganpi,JxedqcfTP,Jr
920,9614058447,10/9/2008,alujanpj,BXma7LpDUW3n,IV
921,7718390152,6/22/2003,galexandersenpk,hHfXGY,Jr
922,5063972314,5/20/2010,cfantonettipl,37YXld2,III
923,4023742449,1/31/2017,efuidgepm,AsvTCVaMHjCS,II
924,6679121418,3/26/2009,mcrocumbepn,Usz7zPG2,Sr
925,103056017,3/5/2011,lknowldenpo,NqkfLe,Jr
926,9999141498,7/30/2012,gcutchiepp,xODzYpZMRrF,Sr
927,5507427372,11/21/2008,wedmedpq,9Hng0rGG9Buw,Jr
928,5254386916,7/18/2011,deplatepr,81vKmNdkCU7s,Sr
929,9796831872,3/12/2018,apeaseps,gaGNgjz5b1,III
930,2716990573,11/1/2016,delpheypt,jleT9XYjoXg,III
931,582243025,6/28/2019,sbartolomuccipu,kau0zg6VCKp,IV
932,3618838557,11/13/2013,ogravellpv,1J39ov,III
933,5243832227,12/16/2017,rfossettpw,AodMI31H,II
934,6412240888,6/16/2022,jmclisepx,8VklOWWIq8,IV
935,9946370980,1/31/2019,cwestcotpy,McoAOgg,IV
936,2427334251,3/5/2014,gdudgeonpz,xbwDi53t,Sr
937,4927962547,6/11/2002,mtrustieq0,XHik2IzYifEt,Jr
938,5398376799,11/17/2000,shalversenq1,x152D2acpdx8,III
939,7067197694,2/6/2016,pcarruthersq2,qiYWbPmO9fF,Jr
940,8471358727,9/13/2010,ecradockq3,Ny3btf3yb,II
941,2798795486,2/20/2011,kderocheq4,N32AfsCjhpl,III
942,5729426186,9/9/2006,kfryattq5,h9K3BK,III
943,1410834549,8/19/2020,mdownesq6,66XfIofV,II
944,4815348820,3/20/2006,rmacgiollaq7,IrVb1oNb,Sr
945,751591866,2/18/2000,ichatterisq8,FjsVNvbVQj,III
946,5589816831,2/9/2017,jduiguidq9,0yVqcVhP,II
947,7621575603,10/16/2008,bfaltinqa,MWc0oUrMDUGV,Jr
948,2966141417,10/8/2001,canespieqb,iJrBHa,III
949,9354119050,6/17/2008,dyegorkinqc,zZwUSVQn,IV
950,729295478,12/6/2016,vdawidowskyqd,gvNDvENJf2,IV
951,2069321053,6/16/2011,cfantinqe,AaNavd,II
952,1373619848,4/11/2021,jkoseqf,e6zY9D2cSean,Jr
953,2963412916,7/25/2016,amccarlichqg,lqcsjgL25,IV
954,6041659347,6/20/2019,awebberqh,fOxnaqP2rLSG,II
955,4382968720,1/7/2004,fcarollqi,lzuRiex,IV
956,9984932907,9/3/2012,sbosleyqj,OU7t59EDHLV,III
957,1226937837,5/1/2016,pohoneqk,0KWLQU0QJnB9,III
958,1903333555,10/10/2017,scowplandql,OpM1FygUfrd,Jr
959,2701678021,3/14/2009,lpursehouseqm,CmxqIcw,Sr
960,6923180821,6/17/2018,ajentzschqn,cZM3A8cEgM1,III
961,4366587203,10/13/2010,cabatelliqo,lJtRpa,II
962,3074335319,11/27/2014,mdyottqp,ZYV7z5xi3h5,IV
963,4302569409,11/28/2005,ccowdryqq,SI780BSsxBp,III
964,1247383946,5/30/2015,ucurmiqr,225oHd,Sr
965,7674048772,7/3/2009,neytonqs,KC6VFUY9,II
966,2839079240,3/17/2012,aebdinqt,kxtFLyr6iGme,Sr
967,7704512641,1/7/2008,tdalesioqu,S2Cj1rv5,IV
968,2337110869,3/22/2016,nlearqv,p3U5WOK4ODte,Sr
969,4673733452,1/16/2002,abaronqw,52e6stBj3lmK,Jr
970,1960963376,6/28/2009,hsealqx,XWWOq5xir4,III
971,4174212767,7/5/2013,hgilesqy,s0cRDzYRQPA,II
972,2295758602,12/22/2014,thakewellqz,Xn3dsn2c3Kle,Sr
973,7408167315,9/26/2014,mjockler0,QzXcosLt1G,IV
974,7406235682,12/25/2011,smackaigr1,1VMIHjv,IV
975,3922223850,1/8/2004,rsymcoxer2,aHZQcpyc9QZ,IV
976,8855873393,1/28/2004,fseeleyr3,vOnghoc,Sr
977,1127204564,8/2/2008,bgleesonr4,bXeS7k,IV
978,3452948358,9/1/2007,ecasselr5,0LG28utxmtHO,Jr
979,4621630032,1/19/2022,hroblinr6,1sWR5yU5,IV
980,3665184665,11/29/2007,rmabonr7,jI50AaWChYLs,Jr
981,6438273767,1/5/2010,acosbeer8,SEeycGe7wu,III
982,2579423893,3/27/2002,ggaythorper9,uujpzN4Ge,Sr
983,9825615788,10/27/2013,claybornra,8lPUAzhh2,III
984,2633882307,5/15/2010,fcrockleyrb,dwYJZ15tdcGj,III
985,5974345738,10/5/2004,jcookleyrc,Mksm3mOhKEB4,IV
986,2613634480,5/13/2017,anewboldrd,KQeashau,Jr
987,8202353734,3/16/2000,tmakepeacere,b9ImiKQDTkr,IV
988,3291067398,6/29/2011,kmabonerf,omUWPbHj,IV
989,3239267985,3/6/2001,ldominguezrg,lsSWFbr2kkeM,III
990,5376932893,2/2/2010,pdivesrh,hTuinPH6l,II
991,9958564513,1/3/2001,vfarnsworthri,LRwtdK,IV
992,3801492915,2/26/2021,ojaggirj,EsX5mXN,II
993,5127214261,6/13/2002,ebalkrk,4Fv9w83qG77V,III
994,1854418424,4/18/2007,ebradnickrl,ipfE0I3PYoF,Jr
995,8213240820,6/8/2009,favramchikrm,o9wqTkAr1Lpe,IV
996,7691291485,1/31/2007,gilyukhovrn,rkauyecFuN2,II
997,3761798075,6/29/2019,psargeauntro,EeT8jbDy0,Sr
998,3885537362,7/14/2012,mshanksrp,5y9VrBEN05D,III
999,2255773694,7/29/2020,tlyngstedrq,01zpXgjDmqo,III
1000,1184938180,11/4/2001,iallsuprr,ciujV70,Sr
